<?xml version="1.0"?>
<!-- <!DOCTYPE metadata SYSTEM "http://www.esri.com/metadata/esriprof80.dtd"> -->
<metadata xml:lang="en"><Esri><CreaDate>20110905</CreaDate><CreaTime>17434700</CreaTime><ArcGISFormat>1.0</ArcGISFormat><SyncOnce>FALSE</SyncOnce><DataProperties><itemProps><itemName Sync="TRUE">ParkAndRide</itemName><imsContentType Sync="TRUE">002</imsContentType><itemLocation><linkage Sync="TRUE">file://\\DSVR015244\D$\software\Tony\_CIARAN_SHAPES\ParkAndRide.shp</linkage><protocol Sync="TRUE">Local Area Network</protocol></itemLocation><itemSize Sync="TRUE">0.000</itemSize></itemProps><coordRef><type Sync="TRUE">Projected</type><geogcsn Sync="TRUE">GCS_OSGB_1936</geogcsn><projcsn Sync="TRUE">British_National_Grid</projcsn><peXml Sync="TRUE">&lt;ProjectedCoordinateSystem xsi:type='typens:ProjectedCoordinateSystem' xmlns:xsi='http://www.w3.org/2001/XMLSchema-instance' xmlns:xs='http://www.w3.org/2001/XMLSchema' xmlns:typens='http://www.esri.com/schemas/ArcGIS/10.0'&gt;&lt;WKT&gt;PROJCS[&amp;quot;British_National_Grid&amp;quot;,GEOGCS[&amp;quot;GCS_OSGB_1936&amp;quot;,DATUM[&amp;quot;D_OSGB_1936&amp;quot;,SPHEROID[&amp;quot;Airy_1830&amp;quot;,6377563.396,299.3249646]],PRIMEM[&amp;quot;Greenwich&amp;quot;,0.0],UNIT[&amp;quot;Degree&amp;quot;,0.0174532925199433]],PROJECTION[&amp;quot;Transverse_Mercator&amp;quot;],PARAMETER[&amp;quot;false_easting&amp;quot;,400000.0],PARAMETER[&amp;quot;false_northing&amp;quot;,-100000.0],PARAMETER[&amp;quot;central_meridian&amp;quot;,-2.0],PARAMETER[&amp;quot;scale_factor&amp;quot;,0.9996012717],PARAMETER[&amp;quot;latitude_of_origin&amp;quot;,49.0],UNIT[&amp;quot;Meter&amp;quot;,1.0],AUTHORITY[&amp;quot;EPSG&amp;quot;,27700]]&lt;/WKT&gt;&lt;XOrigin&gt;-5220400&lt;/XOrigin&gt;&lt;YOrigin&gt;-15524400&lt;/YOrigin&gt;&lt;XYScale&gt;450481592.76709664&lt;/XYScale&gt;&lt;ZOrigin&gt;-100000&lt;/ZOrigin&gt;&lt;ZScale&gt;10000&lt;/ZScale&gt;&lt;MOrigin&gt;-100000&lt;/MOrigin&gt;&lt;MScale&gt;10000&lt;/MScale&gt;&lt;XYTolerance&gt;0.001&lt;/XYTolerance&gt;&lt;ZTolerance&gt;0.001&lt;/ZTolerance&gt;&lt;MTolerance&gt;0.001&lt;/MTolerance&gt;&lt;HighPrecision&gt;true&lt;/HighPrecision&gt;&lt;WKID&gt;27700&lt;/WKID&gt;&lt;/ProjectedCoordinateSystem&gt;</peXml></coordRef><lineage><Process ToolSource="C:\Program Files (x86)\ArcGIS\Desktop10.0\ArcToolbox\Toolboxes\Conversion Tools.tbx\FeatureClassToFeatureClass" Date="20110905" Time="174349">FeatureClassToFeatureClass D:\software\DataFor217Server\transport\ParkAndRide.shp "Database Connections\corpdata@CORPGIS.sde" ParkAndRide_update # "Id "Id" true true false 6 Long 0 6 ,First,#,D:\software\DataFor217Server\transport\ParkAndRide.shp,Id,-1,-1;Name "Name" true true false 50 Text 0 0 ,First,#,D:\software\DataFor217Server\transport\ParkAndRide.shp,Name,-1,-1;Website "Website" true true false 100 Text 0 0 ,First,#,D:\software\DataFor217Server\transport\ParkAndRide.shp,Website,-1,-1" #</Process><Process ToolSource="C:\Program Files (x86)\ArcGIS\Desktop10.0\ArcToolbox\Toolboxes\Conversion Tools.tbx\FeatureClassToFeatureClass" Date="20130215" Time="162906">FeatureClassToFeatureClass "Database Connections\corpdata@CORPGIS.sde\CORPGIS.CORPDATA.ParkAndRide" D:\software\Tony\_CIARAN_SHAPES ParkAndRide.shp # "Id "Id" true true false 4 Long 0 10 ,First,#,Database Connections\corpdata@CORPGIS.sde\CORPGIS.CORPDATA.ParkAndRide,Id,-1,-1;Name "Name" true true false 50 Text 0 0 ,First,#,Database Connections\corpdata@CORPGIS.sde\CORPGIS.CORPDATA.ParkAndRide,Name,-1,-1;Website "Website" true true false 100 Text 0 0 ,First,#,Database Connections\corpdata@CORPGIS.sde\CORPGIS.CORPDATA.ParkAndRide,Website,-1,-1" #</Process></lineage></DataProperties><SyncDate>20130215</SyncDate><SyncTime>16290500</SyncTime><ModDate>20130215</ModDate><ModTime>16290500</ModTime></Esri><dataIdInfo><envirDesc Sync="TRUE">Microsoft Windows Server 2008 Version 6.0 (Build 6002) Service Pack 2; ESRI ArcGIS 10.0.2.3200</envirDesc><dataLang><languageCode value="eng" country="GBR"/></dataLang><idCitation><resTitle Sync="TRUE">ParkAndRide</resTitle><presForm><PresFormCd value="005"/></presForm></idCitation><descKeys><thesaName uuidref="723f6998-058e-11dc-8314-0800200c9a66"/><keyword Sync="TRUE">002</keyword></descKeys><spatRpType><SpatRepTypCd value="001"/></spatRpType></dataIdInfo><mdLang><languageCode value="eng"/></mdLang><GEMINI_Metadata><IdentificationInfo><spatialRepresentationType codeList="001"/></IdentificationInfo><dateStamp>20110905</dateStamp><metadataStandardName>UK GEMINI Standard</metadataStandardName><metadataStandardVersion>1.0</metadataStandardVersion><referenceSystemInfo><referenceSystemIdentifier><code>001</code></referenceSystemIdentifier></referenceSystemInfo></GEMINI_Metadata><distInfo><distFormat><formatName Sync="TRUE">Shapefile</formatName></distFormat><distTranOps><transSize Sync="TRUE">0.000</transSize></distTranOps></distInfo><mdHrLv><ScopeCd value="005"/></mdHrLv><mdHrLvName Sync="TRUE">dataset</mdHrLvName><refSysInfo><RefSystem><refSysID><identCode code="27700"/><idCodeSpace Sync="TRUE">EPSG</idCodeSpace><idVersion Sync="TRUE">7.4.1</idVersion></refSysID></RefSystem></refSysInfo><spdoinfo><ptvctinf><esriterm Name="ParkAndRide"><efeatyp Sync="TRUE">Simple</efeatyp><efeageom Sync="TRUE">1</efeageom><esritopo Sync="TRUE">FALSE</esritopo><efeacnt Sync="TRUE">0</efeacnt><spindex Sync="TRUE">FALSE</spindex><linrefer Sync="TRUE">FALSE</linrefer></esriterm></ptvctinf></spdoinfo><spatRepInfo><VectSpatRep><topLvl><TopoLevCd value="001"/></topLvl><geometObjs><geoObjTyp><GeoObjTypCd value="004"/><geoObjCnt Sync="TRUE">0</geoObjCnt></geoObjTyp></geometObjs></VectSpatRep></spatRepInfo><eainfo><detailed Name="ParkAndRide"><enttyp><enttypl Sync="TRUE">ParkAndRide</enttypl><enttypt Sync="TRUE">Feature Class</enttypt><enttypc Sync="TRUE">0</enttypc></enttyp><attr><attrlabl Sync="TRUE">FID</attrlabl><attalias Sync="TRUE">FID</attalias><attrtype Sync="TRUE">OID</attrtype><attwidth Sync="TRUE">4</attwidth><atprecis Sync="TRUE">0</atprecis><attscale Sync="TRUE">0</attscale><attrdef Sync="TRUE">Internal feature number.</attrdef><attrdefs Sync="TRUE">ESRI</attrdefs><attrdomv><udom Sync="TRUE">Sequential unique whole numbers that are automatically generated.</udom></attrdomv></attr><attr><attrlabl Sync="TRUE">Id</attrlabl><attalias Sync="TRUE">Id</attalias><attrtype Sync="TRUE">Double</attrtype><attwidth Sync="TRUE">10</attwidth><atprecis Sync="TRUE">10</atprecis><attscale Sync="TRUE">0</attscale></attr><attr><attrlabl Sync="TRUE">Name</attrlabl><attalias Sync="TRUE">Name</attalias><attrtype Sync="TRUE">String</attrtype><attwidth Sync="TRUE">50</attwidth><atprecis Sync="TRUE">0</atprecis><attscale Sync="TRUE">0</attscale></attr><attr><attrlabl Sync="TRUE">Website</attrlabl><attalias Sync="TRUE">Website</attalias><attrtype Sync="TRUE">String</attrtype><attwidth Sync="TRUE">100</attwidth><atprecis Sync="TRUE">0</atprecis><attscale Sync="TRUE">0</attscale></attr><attr><attrlabl Sync="TRUE">Shape</attrlabl><attalias Sync="TRUE">Shape</attalias><attrtype Sync="TRUE">Geometry</attrtype><attwidth Sync="TRUE">0</attwidth><atprecis Sync="TRUE">0</atprecis><attscale Sync="TRUE">0</attscale><attrdef Sync="TRUE">Feature geometry.</attrdef><attrdefs Sync="TRUE">ESRI</attrdefs><attrdomv><udom Sync="TRUE">Coordinates defining the features.</udom></attrdomv></attr></detailed></eainfo><mdDateSt Sync="TRUE">20130215</mdDateSt><gmd:GEMINI_Metadata xmlns:gmd="http://www.isotc211.org/2005/gmd" xmlns:xsi="http://www.w3.org/2001/XMLSchema-instance" xmlns:gco="http://www.isotc211.org/2005/gco" xmlns:srv="http://www.isotc211.org/2005/srv" xmlns:gts="http://www.isotc211.org/2005/gts" xmlns:gml="http://www.opengis.net/gml" xmlns:xlink="http://www.w3.org/1999/xlink" xmlns:msxsl="urn:schemas-microsoft-com:xslt">
		<gmd:fileIdentifier>
			<gco:CharacterString>{9657d37d-26e0-4841-8510-f3eb9a5aeae0}</gco:CharacterString>
		</gmd:fileIdentifier>
		<gmd:dateStamp>
			<gco:Date>2011-09-05</gco:Date>
		</gmd:dateStamp>
		<gmd:language>
			<gmd:LanguageCode codeList="http://www.loc.gov/standards/iso639-2/php/code_list.php" codeListValue="eng">English [English]</gmd:LanguageCode>
		</gmd:language>
		<gmd:identificationInfo>
			<gmd:MD_DataIdentification/>
		</gmd:identificationInfo>
		<gmd:distributionInfo>
			<gmd:MD_Distribution>
				<gmd:transferOptions>
					<gmd:MD_DigitalTransferOptions>
						<gmd:onLine>
							<gmd:CI_OnlineResource>
								<gmd:linkage>
									<gmd:URL>Server=217.174.251.127; Service=esri_sde; Database=CORPGIS; User=corpdata; Version=sde.DEFAULT</gmd:URL>
								</gmd:linkage>
							</gmd:CI_OnlineResource>
						</gmd:onLine>
					</gmd:MD_DigitalTransferOptions>
				</gmd:transferOptions>
				<gmd:distributionFormat>
					<gmd:MD_Format>
						<gmd:name>
							<gco:CharacterString>SDE Feature Class</gco:CharacterString>
						</gmd:name>
					</gmd:MD_Format>
				</gmd:distributionFormat>
			</gmd:MD_Distribution>
		</gmd:distributionInfo>
		<gmd:referenceSystemInfo>
			<gmd:MD_ReferenceSystem>
				<gmd:referenceSystemIdentifier>
					<gmd:RS_Identifier>
						<gmd:code>
							<gco:CharacterString>Great Britain National Grid</gco:CharacterString>
						</gmd:code>
					</gmd:RS_Identifier>
				</gmd:referenceSystemIdentifier>
			</gmd:MD_ReferenceSystem>
		</gmd:referenceSystemInfo>
	</gmd:GEMINI_Metadata></metadata>
